"","african american","asian","hispanic","white"
"african american",0,0.429370245189382,0.184054781120078,0.829202412447335
"asian",0.429370245189382,0,0.0833287591625694,0.0656685159217023
"hispanic",0.184054781120078,0.0833287591625694,0,0.284182552604696
"white",0.829202412447335,0.0656685159217023,0.284182552604696,0
